Time,FilteredVoltage
-20000,-249
-20000,-244.954708818291
-19900,-244.092355839993
-19900,-245.8663771354
-19900,-243.175528191221
-19900,-245.791625275534
-19900,-246.23931935341
-19900,-245.738248358311
-19800,-247.28025478046
-19800,-246.710817528284
-19800,-244.293940881694
-19800,-244.712362386301
-19800,-246.277812560447
-19800,-244.740110751164
-19800,-244.23792097704
-19700,-243.792090872469
-19700,-242.178046551889
-19700,-239.858640530205
-19700,-243.106541043151
-19700,-242.93066190853
-19700,-241.033270098044
-19600,-244.003270961133
-19600,-242.963350774779
-19600,-243.067435595348
-19600,-243.907011029804
-19600,-245.115739222103
-19600,-243.866636540541
-19500,-243.146987702762
-19500,-246.845120899213
-19500,-245.157391307326
-19500,-243.84445742166
-19500,-245.149981046307
-19500,-242.860123658281
-19500,-239.127271303596
-19400,-239.89180401569
-19400,-238.091561606535
-19400,-235.932046120806
-19400,-239.049435442166
-19400,-237.974331038181
-19400,-238.00659065091
-19300,-239.016075173926
-19300,-238.967263078841
-19300,-238.051607123557
-19300,-237.93538608097
-19300,-240.079324962435
-19300,-237.912057489044
-19300,-238.097749163755
-19200,-237.89963180209
-19200,-237.103821422284
-19200,-236.89891128725
-19200,-236.099370398367
-19200,-236.906052034748
-19200,-234.086725393126
-19100,-236.922324078752
-19100,-238.066271534032
-19100,-236.943843633342
-19100,-238.044238400246
-19100,-237.968158833023
-19100,-239.018492302851
-19000,-237.993475419755
-19000,-239.994288278835
-19000,-237.014647600998
-19000,-234.976674191906
-19000,-234.032244015187
-19000,-232.962817683989
-19000,-235.04174555966
-18900,-232.955766563875
-18900,-232.04489071274
-18900,-229.956404372484
-18900,-233.042477098985
-18900,-233.961390538265
-18900,-234.032719374865
-18800,-235.97374588682
-18800,-235.018081331664
-18800,-236.989412002353
-18800,-235.999970070284
-18800,-237.009252728217
-18800,-234.978331239983
-18800,-235.031888032906
-18700,-235.955691670823
-18700,-234.053660657876
-18700,-234.933619840712
-18700,-232.077075882521
-18700,-230.910946416338
-18700,-230.098531025938
-18600,-231.890901162769
-18600,-232.115861381586
-18600,-231.873902749246
-18600,-233.132124749028
-18600,-231.861123486405
-18600,-233.142241030563
-18500,-232.854192814046
-18500,-233.146308364713
-18500,-232.851846987218
-18500,-233.145117199991
-18500,-232.856587982977
-18500,-231.137254627327
-18500,-229.868148468673
-18400,-228.124938528816
-18400,-227.88355146143
-18400,-225.108744295057
-18400,-225.903153376725
-18400,-227.088778075061
-18400,-225.92106539777
-18300,-226.070945287769
-18300,-226.938612485182
-18300,-230.052607698719
-18300,-228.954561934828
-18300,-228.038915604439
-18300,-228.967136874656
-18300,-228.027414670585
-18200,-227.977126801987
-18200,-228.017464984995
-18200,-227.984652100958
-18200,-226.010957053125
-18200,-224.991347892225
-18200,-224.004891372947
-18100,-222.998951699219
-18100,-223.995600099615
-18100,-224.008171039841
-18100,-224.985875983948
-18100,-224.020308942246
-18100,-225.972018372473
-18000,-226.036615983871
-18000,-223.954630550105
-18000,-225.055193110811
-18000,-222.935888761079
-18000,-223.074511312249
-18000,-221.917137998841
-18000,-219.092639389698
-17900,-217.904654286403
-17900,-220.101863111149
-17900,-218.897868414547
-17900,-217.104191749482
-17900,-218.900969553714
-17900,-218.094211388304
-17800,-218.917762367986
-17800,-219.070398264274
-17800,-222.946664057599
-17800,-223.034168851208
-17800,-222.987810192661
-17800,-224.987166390382
-17800,-222.038715352774
-17700,-221.933829997163
-17700,-221.094310098858
-17700,-220.878659750127
-17700,-220.148551656701
-17700,-220.826635343593
-17700,-221.194766420963
-17600,-219.786330119393
-17600,-222.227429927988
-17600,-223.758639571526
-17600,-222.245116209533
-17600,-219.752030653758
-17600,-219.244406303843
-17500,-217.764209627931
-17500,-218.223939199303
-17500,-219.794092509215
-17500,-219.18408087787
-17500,-218.840578370819
-17500,-217.131491711306
-17500,-215.899769520411
-17400,-214.068797276443
-17400,-215.966125868227
-17400,-215.998789522018
-17400,-213.037522703534
-17400,-213.928779587257
-17400,-213.106973934835
-17300,-211.861164349238
-17300,-213.172597975668
-17300,-214.798408629241
-17300,-213.231059699965
-17300,-215.744761142407
-17300,-217.277539439922
-17300,-214.703480776418
-17200,-214.31157099778
-17200,-213.676380024727
-17200,-213.330192279527
-17200,-211.666406862565
-17200,-214.331179957421
-17200,-214.671751690978
-17100,-211.317354303691
-17100,-212.696155980701
-17100,-213.284123533567
-17100,-212.736831711083
-17100,-213.237217412218
-17100,-212.790978575001
-17000,-211.17899394879
-17000,-212.854255138393
-17000,-214.113740422972
-17000,-212.92031755589
-17000,-213.047425568392
-17000,-211.984326994159
-17000,-210.987164768771
-16900,-211.039714548686
-16900,-210.938129971217
-16900,-211.08104058656
-16900,-208.905378760645
-16900,-211.10548033809
-16900,-211.88982385617
-16800,-209.111439855084
-16800,-209.894805921311
-16800,-209.100257006966
-16800,-210.912961573236
-16800,-212.073533729985
-16800,-212.942410258426
-16800,-212.038230168643
-16700,-209.98057815677
-16700,-209.001601095704
-16700,-208.017355055878
-16700,-207.96694566661
-16700,-207.048167533779
-16700,-206.940034933085
-16600,-204.069929064607
-16600,-204.927088427142
-16600,-207.076471073928
-16600,-207.924695134654
-16600,-208.07178368701
-16600,-207.935105086574
-16500,-208.055028682687
-16500,-207.956301345995
-16500,-210.031108407721
-16500,-207.981653875981
-16500,-207.005760721716
-16500,-206.008097221533
-16500,-202.980431552522
-16400,-201.03222445772
-16400,-200.960946809319
-16400,-201.048037691607
-16400,-198.949091093422
-16400,-202.05663496639
-16400,-202.94433613837
-16300,-201.054918280085
-16300,-202.950287065711
-16300,-204.045576982066
-16300,-205.960626082261
-16300,-207.031778913263
-16300,-207.975053460943
-16300,-208.014137023743
-16200,-207.992675009786
-16200,-206.99748662042
-16200,-203.008808616007
-16200,-202.984041470904
-16200,-203.021438413519
-16200,-202.972549751991
-16100,-203.03139183101
-16100,-202.965119800703
-16100,-203.037653901866
-16100,-202.959309665986
-16100,-204.042627780289
-16100,-203.956418345738
-16000,-206.04321623238
-16000,-205.955269753264
-16000,-206.043029104891
-16000,-205.954816738612
-16000,-203.044750930659
-16000,-202.955044202327
-16000,-203.043631316591
-15900,-202.954463229921
-15900,-201.043505381283
-15900,-200.956004533036
-15900,-200.041116916798
-15900,-198.960999319438
-15900,-202.034607802486
-15800,-201.96703378282
-15800,-202.026674849661
-15800,-202.977158964105
-15800,-204.014511429968
-15800,-202.991692550686
-15800,-201.999686052033
-15800,-203.006913710769
-15700,-202.983105750625
-15700,-203.023774506098
-15700,-200.965463932547
-15700,-199.041843441166
-15700,-196.950071215704
-15700,-197.054769808787
-15600,-196.937783775055
-15600,-196.065108805997
-15600,-196.930192851146
-15600,-197.069279411025
-15600,-196.929460893839
-15600,-196.068794116562
-15500,-197.931983827855
-15500,-197.064805395922
-15500,-196.938663535609
-15500,-199.057365405596
-15500,-196.946091115538
-15500,-196.051430133741
-15500,-195.951305354933
-15400,-194.048836482802
-15400,-191.952734435991
-15400,-192.049317690372
-15400,-191.947670899387
-15400,-192.057838356282
-15400,-193.93512831643
-15300,-195.072424833779
-15300,-194.918245705656
-15300,-194.091074045939
-15300,-196.89880716652
-15300,-197.109068061765
-15300,-196.881686335163
-15300,-198.123252833189
-15200,-193.872087757431
-15200,-194.128899362325
-15200,-193.8729194132
-15200,-192.120477592074
-15200,-188.890415913565
-15200,-188.096909600007
-15100,-189.923147558001
-15100,-187.05575872327
-15100,-189.971644106778
-15100,-189.999489215289
-15100,-190.033228279986
-15100,-191.933693489931
-15000,-192.101530440582
-15000,-190.863950455565
-15000,-192.171487924784
-15000,-195.794674650205
-15000,-192.235301465685
-15000,-191.736036568107
-15000,-191.287711865442
-14900,-188.69186684179
-14900,-188.324912048913
-14900,-189.663481007015
-14900,-187.343095909462
-14900,-184.654853163504
-14900,-186.344300917004
-14800,-185.661650908888
-14800,-186.329563700868
-14800,-186.682467904522
-14800,-187.303853064467
-14800,-187.711414328786
-14800,-188.271427618513
-14800,-190.74469048704
-14700,-189.236233991947
-14700,-188.779128344327
-14700,-188.203269784072
-14700,-186.810750791165
-14700,-186.173604653141
-14700,-186.838426218412
-14600,-186.147275941589
-14600,-181.863054143155
-14600,-183.126299555751
-14600,-181.883858664797
-14600,-182.107245765614
-14600,-184.902443255538
-14500,-185.088673924542
-14500,-185.919682739224
-14500,-185.07046670429
-14500,-185.938283905776
-14500,-184.052868876841
-14500,-183.956020347415
-14500,-183.03672010918
-14400,-180.970535632969
-14400,-181.024287990091
-14400,-180.980902646169
-14400,-181.015579656446
-14400,-179.984139601111
-14400,-182.015992362826
-14300,-180.980191899393
-14300,-181.024633273021
-14300,-182.966813822157
-14300,-183.042982049864
-14300,-182.942848314603
-14300,-183.072165869884
-14300,-183.910131363476
-14200,-182.10726929295
-14200,-181.873728374542
-14200,-181.147005024898
-14200,-178.832785416198
-14200,-177.187284367829
-14200,-176.795523749862
-14100,-177.220844734836
-14100,-176.764386049869
-14100,-177.248667019574
-14100,-176.741700225751
-14100,-177.264006245769
-14100,-176.733161602781
-14000,-176.266076388451
-14000,-177.737247985202
-14000,-177.254684429529
-14000,-177.754944499334
-14000,-177.229305966628
-14000,-176.785756139125
-14000,-176.194768719726
-13900,-173.823843876448
-13900,-173.153221645693
-13900,-172.867778265835
-13900,-172.107509254764
-13900,-171.911387203339
-13900,-172.064951642649
-13800,-171.950220262438
-13800,-173.025719528085
-13800,-173.981439574595
-13800,-173.994988738802
-13800,-175.0015910477
-13800,-174.975509261187
-13800,-174.008008284626
-13700,-172.966623569901
-13700,-173.000578434249
-13700,-172.967018131266
-13700,-171.979480245795
-13700,-171.976064732316
-13700,-170.950024045722
-13600,-170.989565259663
-13600,-169.917390718684
-13600,-168.006479459412
-13600,-167.880902766716
-13600,-170.021912687859
-13600,-171.848151894448
-13500,-171.034878431078
-13500,-172.819737784605
-13500,-172.043714693746
-13500,-171.799190203797
-13500,-173.044808371039
-13500,-171.789951056828
-13500,-172.041334453688
-13400,-171.785511406567
-13400,-170.034454444325
-13400,-166.788530970957
-13400,-167.023436459144
-13400,-166.793841634688
-13400,-164.012755552477
-13300,-165.800261229872
-13300,-167.000774642254
-13300,-166.807336001728
-13300,-166.990594510029
-13300,-167.814147986678
-13300,-165.981886376136
-13300,-164.820376940753
-13200,-165.973593336219
-13200,-161.826787323379
-13200,-159.966788734558
-13200,-159.833212281018
-13200,-157.959035532331
-13200,-153.841011429853
-13100,-152.950052955173
-13100,-152.849272199342
-13100,-147.941814310606
-13100,-146.859046962686
-13100,-144.933584750822
-13100,-141.868018092283
-13000,-136.928339527274
-13000,-130.876861997172
-13000,-122.928026684114
-13000,-112.882697299308
-13000,-99.9340791193399
-13000,-81.8875817900334
-13000,-61.9490459989867
-12900,-37.8901609493488
-12900,-9.97229836952168
-12900,23.1062888549629
-12900,53.9985156755701
-12900,90.1043069294375
-12900,124.963765650777
-12800,156.10357807211
-12800,196.929864647507
-12800,236.096913152553
-12800,272.897710778465
-12800,303.088016283709
-12800,336.873458649105
-12800,371.074188403449
-12700,398.856143759976
-12700,433.05552457965
-12700,456.845844756965
-12700,475.03441995016
-12700,496.846972956061
-12700,515.00873152444
-12600,529.854618174006
-12600,543.981647182255
-12600,558.867928212865
-12600,567.95064108956
-12600,578.886247994545
-12600,589.919079097689
-12500,596.905677953116
-12500,603.887135428637
-12500,608.928448039599
-12500,613.855574811893
-12500,617.952743224281
-12500,625.823842358574
-12500,630.976791603404
-12400,635.792134309626
-12400,642.001977689828
-12400,644.761998801406
-12400,649.024445954808
-12400,653.734731182811
-12400,659.043508874944
-12300,660.71139130175
-12300,663.057026257925
-12300,664.697761246371
-12300,666.061964268222
-12300,667.69321666729
-12300,668.056761625653
-12300,668.701649585063
-12200,669.040186542798
-12200,672.723016416955
-12200,674.010833220668
-12200,674.758038343754
-12200,674.974630898986
-12200,677.803977262524
-12100,678.931355982451
-12100,678.857531802615
-12100,683.887463565201
-12100,681.91015110565
-12100,680.851533695525
-12100,681.957874482512
-12000,679.821297631484
-12000,678.997400709031
-12000,676.807519050842
-12000,675.019320658758
-12000,672.809237794919
-12000,672.023363043468
-12000,671.828846481436
-11900,669.007726609777
-11900,665.868986728226
-11900,660.974459644942
-11900,658.919653878894
-11900,655.930109455079
-11900,651.978292247839
-11800,648.877221971361
-11800,643.04003754558
-11800,637.826122784995
-11800,633.096218071131
-11800,628.781149219047
-11800,623.14307184996
-11800,617.748287625152
-11700,612.172848560106
-11700,607.734848359314
-11700,603.180798207428
-11700,598.741672130514
-11700,596.168881900375
-11700,591.768573588636
-11600,589.13411299317
-11600,583.817162055803
-11600,578.081886227033
-11600,572.881688815048
-11600,566.016374270529
-11600,558.959325217661
-11500,550.940903292555
-11500,545.042958794329
-11500,536.862818313532
-11500,529.124992888807
-11500,520.788827004879
-11500,512.202661926207
-11500,504.723122321975
-11400,496.26885780705
-11400,487.673479256593
-11400,479.317685767289
-11400,473.639052570906
-11400,465.348026128521
-11400,457.626661245255
-11300,449.356408635189
-11300,439.635715539405
-11300,432.345906600105
-11300,426.661457571679
-11300,418.316093997078
-11300,407.706787663402
-11300,401.270096879075
-11200,391.764485435345
-11200,383.213700998001
-11200,376.829764703316
-11200,368.151084498043
-11200,360.900360317622
-11200,355.086779782878
-11100,349.966647692643
-11100,342.0274361696
-11100,338.024954780612
-11100,333.974668340599
-11100,326.073466528048
-11100,319.935139372677
-11000,313.109222766636
-11000,307.907622306582
-11000,300.132469662121
-11000,294.893510785482
-11000,290.142915233441
-11000,280.891453629925
-11000,278.14257012658
-10900,273.896496627102
-10900,267.135065158147
-10900,263.907852768354
-10900,260.122836756994
-10900,252.92311068839
-10900,246.110929271783
-10800,243.937243911851
-10800,238.097461991458
-10800,231.951004293012
-10800,228.0846011982
-10800,221.963321661105
-10800,216.072113513009
-10800,212.976377088811
-10700,207.057269870086
-10700,197.995234992689
-10700,196.036972697559
-10700,192.017391774169
-10700,188.008975196932
-10700,187.048348923451
-10600,183.970289608215
-10600,177.089746964471
-10600,171.92480730138
-10600,172.138966942526
-10600,165.869997130022
-10600,162.194671793181
-10500,158.81193099988
-10500,153.250353146424
-10500,150.756094331637
-10500,148.301536139805
-10500,144.706943301251
-10500,139.342719786562
-10500,136.672234608357
-10400,132.367511534567
-10400,127.655937016647
-10400,127.373863866447
-10400,125.656278774538
-10400,121.36079279302
-10400,120.677104462705
-10300,119.329185306917
-10300,113.712616149461
-10300,108.288834040167
-10300,104.758695427444
-10300,100.239934102866
-10300,94.8079928042567
-10300,92.1914609334447
-10200,89.8527627507082
-10200,86.1483342881293
-10200,85.8893939896231
-10200,83.1158420013424
-10200,79.9149803888353
-10200,78.0959490355736
-10100,73.9311133193985
-10100,72.0833378417902
-10100,68.9403795006872
-10100,69.0759781755565
-10100,64.9448632290184
-10100,61.0688800824696
-10000,58.9536113568796
-10000,54.0563841079254
-10000,49.9700317402252
-10000,45.0358392092497
-9980,42.9961516992996
-9970,38.0036848565999
-9950,38.0358032798996
-9940,35.9569061791178
-9920,32.085699684607
-9910,29.9044701187352
-9890,28.1404460724849
-9880,26.847267623706
-9860,23.1968868434426
-9840,22.7932770165209
-9830,19.2452369843762
-9810,17.7485774711186
-9800,14.2833576322825
-9780,11.7171341571131
-9770,9.3066658245777
-9750,4.70279373739564
-9730,2.31253413868501
-9720,-2.29460077097426
-9700,-2.69495017394753
-9690,-5.28229730172083
-9670,-7.71283137995141
-9660,-8.26072997233134
-9640,-8.73607496957155
-9630,-9.24075933849567
-9610,-12.753960271958
-9590,-13.2263528216692
-9580,-16.7649629629987
-9560,-20.2202607810738
-9550,-22.7624462832951
-9530,-25.2305930738092
-9520,-27.7461164797271
-9500,-31.2528727818521
-9480,-32.7166217659345
-9470,-37.2884612433574
-9450,-38.6753787698532
-9440,-42.3314120453455
-9420,-43.630665368611
-9410,-42.374933305389
-9390,-43.5897713853083
-9380,-41.4136890107491
-9360,-43.5580041940548
-9340,-44.4401126246114
-9330,-45.5417714133623
-9310,-46.4487000374981
-9300,-48.5431762863752
-9280,-53.436804043407
-9270,-55.5641605040778
-9250,-59.403895518856
-9230,-60.6069404512009
-9220,-64.3529901678728
-9200,-66.6647022027387
-9190,-64.2889965477457
-9170,-66.7355902226587
-9160,-66.2139587684067
-9140,-64.813120232795
-9130,-66.1387056719745
-9110,-68.8872355549004
-9090,-71.0664703374141
-9080,-72.9549586558066
-9060,-75.0040833675752
-9050,-76.0112066382294
-9030,-79.9560946215763
-9020,-83.0488550512991
-9000,-84.9254386694997
-8980,-85.0719029322646
-8970,-87.9109584115291
-8950,-91.0781753836751
-8940,-89.9111898386742
-8920,-92.0735152689469
-8910,-94.919437168692
-8890,-94.0606941744148
-8880,-91.9363111163916
-8860,-94.0435462022621
-8840,-94.9530972699494
-8830,-96.0280989157402
-8810,-100.9669992551
-8800,-102.015349432882
-8780,-103.976547518973
-8770,-106.008724805014
-8750,-108.97902574337
-8730,-109.009236276015
-8720,-106.977543903944
-8700,-110.01394102476
-8690,-108.972789895853
-8670,-110.020950850704
-8660,-110.965416514221
-8640,-111.028446404051
-8630,-109.960039046801
-8610,-109.032115366049
-8590,-109.959571228462
-8580,-109.030992717882
-8560,-113.962792907299
-8550,-116.023518075719
-8530,-117.970787035421
-8520,-120.012211049611
-8500,-120.984295811125
-8480,-120.99859650249
-8470,-121.999792549193
-8450,-125.982241798623
-8440,-124.014855953566
-8420,-124.968425029464
-8410,-125.028985314876
-8390,-122.955584858141
-8380,-122.041676373268
-8360,-122.945419686671
-8340,-123.049263002757
-8330,-121.940435635028
-8310,-126.053199036084
-8300,-125.937093289557
-8280,-128.055725091458
-8270,-132.935558215498
-8250,-132.055318925904
-8230,-131.937690856659
-8220,-134.054607963872
-8200,-135.93761056836
-8190,-135.05322742238
-8170,-134.939475105197
-8160,-136.052578297723
-8140,-134.940103020583
-8130,-134.053089802224
-8110,-134.942473651986
-8090,-134.049830600011
-8080,-132.946510559145
-8060,-136.045260799833
-8050,-137.951805517964
-8030,-140.037117248464
-8020,-141.961877167544
-8000,-142.025004825029
-7980,-140.976675494284
-7970,-142.009439958146
-7950,-144.994380336101
-7940,-141.988918392446
-7920,-144.015932746852
-7910,-145.966871370488
-7890,-143.037906398764
-7880,-142.945673724724
-7860,-143.060530572115
-7840,-141.923655514901
-7830,-141.08114040381
-7810,-144.904632379638
-7800,-145.097091379974
-7780,-145.889213692263
-7770,-147.112014633833
-7750,-146.878499309924
-7730,-150.119165219526
-7720,-150.871958470837
-7700,-151.122830373735
-7690,-149.86982386586
-7670,-149.125136099243
-7660,-147.871152599233
-7640,-147.124057751541
-7630,-147.873083588725
-7610,-147.121684099243
-7590,-146.87475990387
-7580,-146.119846816184
-7560,-147.878095857188
-7550,-148.116122808861
-7530,-146.881300481698
-7520,-148.11390917575
-7500,-150.884487994146
-7480,-153.107378805329
-7470,-153.892661936791
-7450,-155.096807918222
-7440,-153.904662631676
-7420,-153.082694590769
-7410,-151.92464713245
-7390,-151.059205582293
-7380,-150.952830241867
-7360,-151.027428741293
-7340,-152.987719168018
-7330,-151.9871437997
-7310,-152.032376270369
-7300,-152.938915588371
-7280,-153.081979893479
-7270,-154.888812522156
-7250,-155.133321173368
-7230,-155.839076039123
-7220,-156.181480428765
-7200,-155.794227635339
-7190,-156.219755436909
-7170,-154.762400146866
-7160,-154.246518509719
-7140,-155.742783052376
-7130,-156.256405088881
-7110,-154.743733325486
-7090,-156.245378048535
-7080,-155.762526921317
-7060,-153.219950394364
-7050,-154.795841291411
-7030,-156.179172208886
-7020,-155.841703360466
-7000,-156.129731279847
-6980,-160.891609528687
-6970,-158.078557807419
-6950,-155.941587305122
-6940,-156.034077933941
-6920,-153.982705424913
-6910,-156.000236470768
-6890,-155.008117727979
-6880,-155.982559447092
-6860,-155.017158069262
-6840,-154.980611198188
-6830,-154.011552707424
-6810,-152.994523218651
-6800,-155.99167766828
-6780,-157.016791046982
-6770,-156.966065514335
-6750,-156.043164067766
-6730,-157.940060895509
-6720,-157.066841171047
-6700,-155.922523383042
-6690,-158.079784225509
-6670,-156.916904745776
-6660,-156.077765593519
-6640,-156.926811056302
-6630,-156.059654039461
-6610,-154.952345902073
-6590,-156.026504257527
-6580,-154.990202842877
-6560,-153.985732049219
-6550,-156.034075010854
-6530,-154.940090561491
-6520,-155.078637329074
-6500,-155.898529851004
-6480,-158.115236370459
-6470,-158.867434551728
-6450,-159.139353857937
-6440,-159.850115447238
-6420,-156.148822735834
-6410,-155.851015848448
-6390,-156.139837774874
-6380,-155.867642375398
-6360,-153.116169854066
-6340,-155.898843511676
-6330,-156.079014746284
-6310,-152.940174170035
-6300,-157.035405491599
-6280,-155.984863553115
-6270,-155.988710498013
-6250,-156.031543434961
-6230,-154.944921952196
-6220,-154.074349766764
-6200,-153.906901150199
-6190,-154.110328241683
-6170,-151.875365599912
-6160,-151.137183987302
-6140,-151.852685460013
-6130,-151.153976141598
-6110,-150.840997107953
-6090,-153.160662105409
-6080,-150.837682388219
-6060,-149.161488648538
-6050,-150.842178637947
-6030,-151.153015794121
-6020,-150.853408948842
-6000,-151.140129267286
-5980,-150.869625253017
-5970,-149.122549244126
-5950,-150.889152685634
-5940,-152.101604316109
-5920,-150.909887186559
-5910,-152.080518125494
-5890,-150.930481593632
-5880,-149.060453719489
-5860,-149.949690487282
-5840,-150.042225708766
-5830,-148.966578885356
-5810,-146.026483117233
-5800,-147.983795618846
-5780,-148.008856435415
-5770,-146.001469076818
-5750,-146.992092578057
-5730,-146.020486122054
-5720,-146.970676246149
-5700,-147.043753260732
-5690,-149.94443714342
-5670,-148.073232717682
-5660,-146.911571031783
-5640,-148.111100238327
-5630,-145.868389531264
-5610,-146.156921732273
-5590,-145.819648671623
-5580,-146.207350241387
-5560,-144.76715226922
-5550,-146.261136388044
-5530,-145.714260359908
-5520,-146.31063857152
-5500,-146.670487453762
-5480,-146.349995634112
-5470,-147.637284594837
-5450,-147.375011605155
-5440,-150.619772111663
-5420,-149.380559512591
-5410,-149.623694667076
-5390,-149.365728391641
-5380,-147.647501131924
-5360,-146.332446318197
-5340,-145.691018030062
-5330,-146.280950536467
-5310,-143.747876828251
-5300,-145.222810881653
-5280,-146.807216998424
-5270,-147.161695013266
-5250,-148.866383844059
-5230,-149.105984231111
-5220,-149.915365795954
-5200,-149.063881848953
-5190,-149.949468769749
-5170,-150.037141297682
-5160,-148.968150289525
-5140,-151.027449865067
-5130,-148.968262373756
-5110,-148.03479656586
-5090,-145.956295817868
-5080,-146.051224184636
-5060,-145.936594685157
-5050,-144.073173631824
-5030,-145.915489317266
-5020,-145.090832726311
-5000,-145.90138302008
-4980,-146.100677827066
-4970,-147.896034985204
-4950,-148.099789429673
-4940,-145.903123511484
-4920,-146.085569745765
-4910,-146.923417249258
-4890,-146.060646725452
-4880,-145.952297628105
-4860,-146.028632430813
-4840,-142.987346182164
-4830,-142.993244922593
-4810,-141.021939784971
-4800,-140.962035441663
-4780,-142.049557107762
-4770,-140.937951785432
-4750,-141.069649888718
-4730,-142.92399330285
-4720,-146.075734300516
-4700,-144.923996316276
-4690,-146.069847714727
-4670,-145.934898725486
-4660,-145.053582844774
-4640,-144.957369933923
-4630,-143.026665100128
-4610,-141.988374261205
-4590,-138.994491009615
-4580,-141.023129159744
-4560,-138.957221830832
-4550,-136.063232957137
-4530,-138.918036093555
-4520,-139.100951981888
-4500,-139.879575375581
-4480,-141.138849382406
-4470,-142.841169461302
-4450,-141.176812769243
-4440,-141.804232309914
-4420,-142.212424448392
-4410,-140.769110158189
-4390,-142.247074907798
-4380,-141.734716222297
-4360,-140.27998030739
-4340,-137.705196619323
-4330,-138.308556907471
-4310,-137.677912879717
-4300,-135.33452252883
-4280,-135.655844121799
-4270,-136.353212077674
-4250,-136.640632531172
-4230,-136.363647708279
-4220,-137.635482802148
-4200,-137.363126110473
-4190,-139.641999823962
-4170,-141.348528649037
-4160,-136.662356377592
-4140,-135.323202783975
-4130,-135.695122204959
-4110,-134.284934225276
-4090,-134.738279035614
-4080,-136.235515521426
-4060,-134.791179427742
-4050,-132.179537221688
-4030,-132.850214924049
-4020,-132.119935983235
-4000,-130.910614602776
-3980,-132.061795478764
-3970,-133.965670379242
-3950,-133.008653738441
-3940,-135.014864884127
-3920,-138.963147030223
-3910,-136.053281319781
-3890,-135.930244614675
-3880,-136.081240783752
-3860,-133.90830908477
-3840,-132.099130823841
-3830,-131.895218754864
-3810,-132.108699505583
-3800,-129.887922817306
-3780,-132.114895866797
-3770,-132.880883572573
-3750,-132.12010232939
-3730,-132.875501159523
-3720,-132.128861372561
-3700,-131.864428406269
-3690,-132.143979583359
-3670,-132.847219738431
-3660,-130.163337713186
-3640,-129.826222086071
-3630,-130.186624759715
-3610,-128.80121838626
-3590,-128.212280470488
-3580,-127.776929008668
-3560,-128.233842212575
-3550,-124.757160521078
-3530,-128.25090555486
-3520,-128.743350584741
-3500,-127.257978116276
-3480,-129.74163823072
-3470,-128.254284930553
-3450,-129.75119855306
-3440,-129.238702383819
-3420,-131.771557320372
-3410,-130.212586638336
-3390,-127.803229289918
-3380,-128.180086679709
-3360,-126.836907306168
-3340,-127.143840404766
-3330,-124.873989504465
-3310,-123.108180325147
-3300,-121.909134575132
-3280,-123.077625329403
-3270,-121.93572925673
-3250,-123.0537569602
-3230,-124.954541223588
-3220,-125.038446286272
-3200,-125.964329673492
-3190,-125.032888668521
-3170,-125.967610644877
-3160,-124.032013452926
-3140,-123.967574324999
-3130,-123.035316846167
-3110,-120.964519632389
-3090,-123.036944399666
-3080,-121.964674280255
-3060,-121.032846207882
-3050,-120.971632247716
-3030,-122.021587749748
-3020,-121.986979166053
-3000,-121.000535186119
-2980,-121.014895662638
-2970,-120.96946310619
-2950,-124.048545691448
-2940,-122.93178410303
-2920,-123.088571503984
-2910,-124.88886316452
-2890,-123.130951364635
-2880,-122.848019339965
-2860,-121.168920345817
-2840,-120.814006591955
-2830,-119.199355666804
-2810,-118.790114472443
-2800,-118.215373069581
-2780,-115.783425188854
-2770,-117.214695489683
-2750,-116.791668444025
-2730,-117.200001642484
-2720,-116.816509946996
-2700,-118.165886762792
-2690,-118.858193909276
-2670,-118.117419305066
-2660,-118.910386608004
-2640,-117.060976853526
-2630,-117.970473411746
-2610,-116.99809994998
-2590,-117.033367924192
-2580,-114.936753539016
-2560,-115.092069241017
-2550,-114.882017476902
-2530,-112.14233470197
-2520,-114.837903244081
-2500,-113.178067063442
-2480,-113.810978669324
-2470,-113.196506805461
-2450,-114.80126065897
-2440,-115.197175914875
-2420,-114.809808112688
-2410,-117.17924671455
-2390,-114.835295442589
-2380,-115.146876651753
-2360,-113.873921508472
-2340,-114.103128654638
-2330,-111.921361489412
-2310,-112.052659291572
-2300,-111.972699431986
-2280,-109.002852872703
-2270,-111.02070158624
-2250,-109.95792003415
-2230,-110.061795698963
-2220,-110.922803162519
-2200,-114.089609335822
-2190,-111.900348725756
-2170,-112.105823853173
-2160,-114.890359897806
-2140,-111.10873441654
-2130,-111.893845111434
-2110,-110.10142754361
-2090,-109.905972206855
-2080,-108.085136592839
-2060,-108.924652923165
-2050,-110.064193369371
-2030,-105.94619436313
-2020,-108.044335681719
-2000,-107.964695811434
-1980,-107.026574151222
-1970,-109.979463046159
-1950,-114.01310976121
-1940,-111.987636448003
-1920,-112.007775324207
-1910,-114.98981487176
-1890,-110.008503944674
-1880,-108.988370653466
-1860,-109.013176202554
-1840,-104.983294039124
-1830,-106.019901188263
-1810,-106.976814153825
-1800,-105.025083019496
-1780,-103.973365306342
-1770,-105.026233609373
-1750,-105.974485612166
-1730,-105.020962055924
-1720,-105.984121994594
-1700,-107.007076337551
-1690,-106.001647428132
-1670,-105.985912221444
-1660,-107.026635758719
-1640,-105.957790703779
-1630,-106.057465260988
-1610,-105.92535818671
-1590,-105.089938892236
-1580,-104.89264726737
-1560,-104.121735508963
-1550,-102.86299128837
-1530,-100.149457537485
-1520,-100.840064776002
-1500,-100.168671683649
-1480,-99.8247671029402
-1470,-100.180090604011
-1450,-100.819419350297
-1440,-102.179116326458
-1420,-101.824742563282
-1410,-104.169857241513
-1390,-100.837087171166
-1380,-100.154309518881
-1360,-99.8572792574727
-1340,-98.1316723544858
-1330,-99.8804292753895
-1310,-96.1068747843256
-1300,-95.9063338821425
-1280,-95.0817836897012
-1270,-95.9310835992083
-1250,-97.0579744443788
-1230,-96.9516929056463
-1220,-98.0387499794339
-1200,-95.970985082382
-1190,-98.0212567111106
-1170,-97.9874794664429
-1160,-98.0076204716224
-1140,-96.9993208706831
-1130,-96.9967737813992
-1110,-97.0098256011563
-1090,-94.9860984542189
-1080,-96.0191036851969
-1060,-93.9765055667609
-1050,-94.0271173502094
-1030,-93.9684983943472
-1020,-94.0364240372989
-1000,-92.9577559432194
-984,-92.0484264084272
-969,-93.9458657349456
-953,-94.0622821280332
-938,-94.92891139984
-922,-95.0800467194052
-906,-95.9096912747866
-891,-95.0986404424856
-875,-94.8896479999555
-859,-95.1200361542261
-844,-93.8669377404026
-828,-92.1424823702494
-813,-90.8459578457683
-797,-91.1621319044801
-781,-89.8261891544105
-766,-90.1782695657774
-750,-89.8121411330424
-734,-90.1867831161194
-719,-89.806267269929
-703,-90.1876480404557
-688,-93.8088890279996
-672,-93.1770941353501
-656,-92.8234087574749
-641,-93.1585870144351
-625,-92.8461242800674
-609,-91.1326777500543
-594,-89.8779326262589
-578,-90.0978461512031
-563,-87.9161478439956
-547,-86.0579895775621
-531,-84.9602191576778
-516,-85.0122921612234
-500,-85.0048271447406
-484,-84.9667829069591
-469,-85.0497440546466
-453,-84.9229069031201
-438,-88.0910444493866
-422,-88.8814779945765
-406,-89.1280564199469
-391,-89.8471102013628
-375,-88.1601006074447
-359,-87.8198750323166
-344,-86.1855710376424
-328,-85.7990372498271
-313,-85.2032016276431
-297,-83.7856269910822
-281,-81.2139291062516
-266,-80.7803067734828
-250,-82.2144582825505
-234,-80.7827220556337
-219,-81.2074443975833
-203,-81.7932822002175
-188,-85.1904380123294
-172,-83.8123928165927
-156,-82.168242592291
-141,-83.8392363060524
-125,-80.1385712664226
-109,-78.8745052081885
-93.8,-79.1032283975443
-78.1,-77.912712446475
-62.5,-75.0641721347652
-46.9,-73.9552079382742
-31.3,-73.0211019927356
-15.6,-68.9999999999999
